Workbook

Sheet ①訂單參數
A1: 電腦包生產作業規劃
A2: 黃底=輸入格,填入後其他分頁自動計算|版本 v1.0|2026-08-10
A4: 訂單參數
A5: 項目 | B5: 數值 | C5: 單位 | D5: 說明
A6: 訂單數量 | B6: 3000 | C6: pcs | D6: 本次生產總量
A7: 交期(客戶要求出貨日) | B7: 2026-10-15 | C7: 日期 | D7: 以文字填寫,供人工核對用
A8: 可用生產工作天 | B8: 20 | C8: 天 | D8: 從開工到完工的實際可生產天數(已扣除假日)
A9: 產品複雜度 | B9: 中 | C9: 高/中/低 | D9: 影響標準工時,見②工序分頁說明
A11: 產線參數
A12: 項目 | B12: 數值 | C12: 單位 | D12: 說明
A13: 每日工作時數 | B13: 10 | C13: 小時 | D13: 含加班則填實際時數
A14: 每日工作分鐘 | B14: =B13*60 -> 600 | C14: 分鐘 | D14: 自動計算
A15: 產線效率 | B15: 0.85 | C15: 比率 | D15: 扣除換線、休息、異常的實際稼動率;新產品首批建議 0.75
A16: 直通良率 | B16: 0.97 | C16: 比率 | D16: 一次通過率;不良品需重工,會佔用產能
A17: 投入量(含不良補償) | B17: =CEILING(B6/B16,10) -> 3100 | C17: pcs | D17: 自動計算:訂單量÷良率,進位至 10 的倍數
A19: 關鍵產出(自動計算)
A20: 項目 | B20: 數值 | C20: 單位 | D20: 說明
A21: 每日需求產量 | B21: =CEILING(B17/B8,1) -> 155 | C21: pcs/日 | D21: 投入量 ÷ 可用工作天
A22: 總標準工時 | B22: =②工序與工時!D22*B17/60 -> 2232 | C22: 小時 | D22: 全部工序工時 × 投入量
A23: 理論總人力需求 | B23: =CEILING(③產能與人力!D24,1) -> 14 | C23: 人 | D23: 詳見③分頁瓶頸分析
A24: 每人每日產出 | B24: =ROUND(B14*B15/②工序與工時!D22,1) -> 11.8 | C24: pcs | D24: 單人日產能(僅參考,實際依流水線平衡)
A26: ※ 標準工時為箱包業一般經驗值,首批試產後務必以實測校正。新產品首件生產建議另抓 1–2 天試產期。
A27: ※ 交期回推:物料到廠日 = 開工日;各物料下單期限見④備料計畫,長前置期物料(五金、特殊面料)是最常見的延誤主因。

Sheet ②工序與工時
A1: 工序流程與標準工時
A2: 電腦包(15吋,含前袋、隔層、肩帶)標準工序;工時為中等複雜度經驗值,黃底可依實測調整
A4: 序 | B4: 階段 | C4: 工序名稱 | D4: 標準工時(分/件) | E4: 設備 | F4: 編組 | G4: 備註與品質重點
A5: 1 | B5: 裁剪 | C5: 面料裁剪(排版/裁床) | D5: 1.8 | E5: 裁床 | F5: 裁剪組 | G5: 多層裁切;需注意布紋方向與對格
A6: 2 | B6: 裁剪 | C6: 裡布、泡棉、襯裁剪 | D6: 1.2 | E6: 裁床 | F6: 裁剪組 | G6: 泡棉厚度依防護需求
A7: 3 | B7: 前製 | C7: 貼合/燙襯 | D7: 1.5 | E7: 貼合機/燙台 | F7: 前製組 | G7: 面料與泡棉貼合,影響成品挺度
A8: 4 | B8: 前製 | C8: 印刷/繡花/織標車縫 | D8: 2 | E8: 繡花機 | F8: 前製組 | G8: 客戶 LOGO;需先確認打樣色差
A9: 5 | B9: 車縫 | C9: 前袋組合(含拉鍊) | D9: 4.5 | E9: 平車 | F9: 車縫A線 | G9: 拉鍊車直是常見不良點
A10: 6 | B10: 車縫 | C10: 主袋面片車縫 | D10: 5 | E10: 平車 | F10: 車縫A線
A11: 7 | B11: 車縫 | C11: 筆電隔層與內袋 | D11: 4 | E11: 平車 | F11: 車縫B線 | G11: 隔層魔鬼氈位置需符合樣品
A12: 8 | B12: 車縫 | C12: 裡布組合 | D12: 3.5 | E12: 平車 | F12: 車縫B線
A13: 9 | B13: 車縫 | C13: 主拉鍊車縫 | D13: 3 | E13: 平車 | F13: 車縫B線 | G13: 拉鍊順暢度為終檢必測項
A14: 10 | B14: 組裝 | C14: 面裡合體、滾邊 | D14: 4 | E14: 高車/滾邊車 | F14: 組裝組 | G14: 滾邊平整度影響外觀judge
A15: 11 | B15: 組裝 | C15: 肩帶、把手、五金安裝 | D15: 3 | E15: 打釘機/高車 | F15: 組裝組 | G15: 五金拉力測試抽測
A16: 12 | B16: 組裝 | C16: 翻面整形 | D16: 1.5 | E16: 整燙台 | F16: 組裝組
A17: 13 | B17: 整理 | C17: 剪線頭、清潔 | D17: 2.5 | E17: — | F17: 整理組 | G17: 線頭是客訴常見項目
A18: 14 | B18: 整理 | C18: 整燙定型 | D18: 1.5 | E18: 整燙台 | F18: 整理組
A19: 15 | B19: 檢驗 | C19: 終檢 FQC | D19: 2 | E19: 檢驗台 | F19: 品檢組 | G19: 依⑤品質計畫檢查表逐項確認
A20: 16 | B20: 包裝 | C20: 吊牌、標籤、PE 袋 | D20: 1.2 | E20: — | F20: 包裝組 | G20: 客戶標籤規範務必核對(見⑤)
A21: 17 | B21: 包裝 | C21: 裝內盒/外箱、封箱 | D21: 1 | E21: 封箱機 | F21: 包裝組 | G21: 外箱標示同樣需核對客戶規範
C22: 合計標準工時(分/件) | D22: =SUM(D5:D21) -> 43.2 | G22: 此為單件總加工時間;實際產出取決於瓶頸站,見③分頁
A24: 複雜度調整參考
A25: 複雜度 | B25: 特徵 | C25: 工時調整
A26: 低 | B26: 單層、無隔層、拉鍊 1 條、無印刷 | C26: 上表 × 0.7
A27: 中 | B27: 前袋+筆電隔層、拉鍊 2–3 條、單色 LOGO(本表基準) | C27: 上表 × 1.0
A28: 高 | B28: 多隔層、拉鍊 4 條以上、多色印刷、特殊五金或防水處理 | C28: 上表 × 1.4

Sheet ③產能與人力
A1: 產能計算與人力配置
A2: 依①的每日需求產量,自動計算各站所需人力;找出瓶頸站是排線的關鍵
A4: 每日需求產量(pcs) | C4: =①訂單參數!B21 -> 155
A5: 每人每日有效工作分鐘 | C5: =①訂單參數!B14*①訂單參數!B15 -> 510
A6: 序 | B6: 工序名稱 | C6: 標準工時(分) | D6: 理論人力 | E6: 配置人力 | F6: 該站日產能 | G6: 備註
A7: 1 | B7: 面料裁剪(排版/裁床) | C7: =②工序與工時!D5 -> 1.8 | D7: =ROUND($C$4*C7/$C$5,2) -> 0.55 | E7: =CEILING(D7,1) -> 1 | F7: =IF(E7=0,0,ROUND($C$5*E7/C7,0)) -> 283 | G7: 多層裁切;需注意布紋方向與對格
A8: 2 | B8: 裡布、泡棉、襯裁剪 | C8: =②工序與工時!D6 -> 1.2 | D8: =ROUND($C$4*C8/$C$5,2) -> 0.36 | E8: =CEILING(D8,1) -> 1 | F8: =IF(E8=0,0,ROUND($C$5*E8/C8,0)) -> 425 | G8: 泡棉厚度依防護需求
A9: 3 | B9: 貼合/燙襯 | C9: =②工序與工時!D7 -> 1.5 | D9: =ROUND($C$4*C9/$C$5,2) -> 0.46 | E9: =CEILING(D9,1) -> 1 | F9: =IF(E9=0,0,ROUND($C$5*E9/C9,0)) -> 340 | G9: 面料與泡棉貼合,影響成品挺度
A10: 4 | B10: 印刷/繡花/織標車縫 | C10: =②工序與工時!D8 -> 2 | D10: =ROUND($C$4*C10/$C$5,2) -> 0.61 | E10: =CEILING(D10,1) -> 1 | F10: =IF(E10=0,0,ROUND($C$5*E10/C10,0)) -> 255 | G10: 客戶 LOGO;需先確認打樣色差
A11: 5 | B11: 前袋組合(含拉鍊) | C11: =②工序與工時!D9 -> 4.5 | D11: =ROUND($C$4*C11/$C$5,2) -> 1.37 | E11: =CEILING(D11,1) -> 2 | F11: =IF(E11=0,0,ROUND($C$5*E11/C11,0)) -> 227 | G11: 拉鍊車直是常見不良點
A12: 6 | B12: 主袋面片車縫 | C12: =②工序與工時!D10 -> 5 | D12: =ROUND($C$4*C12/$C$5,2) -> 1.52 | E12: =CEILING(D12,1) -> 2 | F12: =IF(E12=0,0,ROUND($C$5*E12/C12,0)) -> 204
A13: 7 | B13: 筆電隔層與內袋 | C13: =②工序與工時!D11 -> 4 | D13: =ROUND($C$4*C13/$C$5,2) -> 1.22 | E13: =CEILING(D13,1) -> 2 | F13: =IF(E13=0,0,ROUND($C$5*E13/C13,0)) -> 255 | G13: 隔層魔鬼氈位置需符合樣品
A14: 8 | B14: 裡布組合 | C14: =②工序與工時!D12 -> 3.5 | D14: =ROUND($C$4*C14/$C$5,2) -> 1.06 | E14: =CEILING(D14,1) -> 2 | F14: =IF(E14=0,0,ROUND($C$5*E14/C14,0)) -> 291
A15: 9 | B15: 主拉鍊車縫 | C15: =②工序與工時!D13 -> 3 | D15: =ROUND($C$4*C15/$C$5,2) -> 0.91 | E15: =CEILING(D15,1) -> 1 | F15: =IF(E15=0,0,ROUND($C$5*E15/C15,0)) -> 170 | G15: 拉鍊順暢度為終檢必測項
A16: 10 | B16: 面裡合體、滾邊 | C16: =②工序與工時!D14 -> 4 | D16: =ROUND($C$4*C16/$C$5,2) -> 1.22 | E16: =CEILING(D16,1) -> 2 | F16: =IF(E16=0,0,ROUND($C$5*E16/C16,0)) -> 255 | G16: 滾邊平整度影響外觀judge
A17: 11 | B17: 肩帶、把手、五金安裝 | C17: =②工序與工時!D15 -> 3 | D17: =ROUND($C$4*C17/$C$5,2) -> 0.91 | E17: =CEILING(D17,1) -> 1 | F17: =IF(E17=0,0,ROUND($C$5*E17/C17,0)) -> 170 | G17: 五金拉力測試抽測
A18: 12 | B18: 翻面整形 | C18: =②工序與工時!D16 -> 1.5 | D18: =ROUND($C$4*C18/$C$5,2) -> 0.46 | E18: =CEILING(D18,1) -> 1 | F18: =IF(E18=0,0,ROUND($C$5*E18/C18,0)) -> 340
A19: 13 | B19: 剪線頭、清潔 | C19: =②工序與工時!D17 -> 2.5 | D19: =ROUND($C$4*C19/$C$5,2) -> 0.76 | E19: =CEILING(D19,1) -> 1 | F19: =IF(E19=0,0,ROUND($C$5*E19/C19,0)) -> 204 | G19: 線頭是客訴常見項目
A20: 14 | B20: 整燙定型 | C20: =②工序與工時!D18 -> 1.5 | D20: =ROUND($C$4*C20/$C$5,2) -> 0.46 | E20: =CEILING(D20,1) -> 1 | F20: =IF(E20=0,0,ROUND($C$5*E20/C20,0)) -> 340
A21: 15 | B21: 終檢 FQC | C21: =②工序與工時!D19 -> 2 | D21: =ROUND($C$4*C21/$C$5,2) -> 0.61 | E21: =CEILING(D21,1) -> 1 | F21: =IF(E21=0,0,ROUND($C$5*E21/C21,0)) -> 255 | G21: 依⑤品質計畫檢查表逐項確認
A22: 16 | B22: 吊牌、標籤、PE 袋 | C22: =②工序與工時!D20 -> 1.2 | D22: =ROUND($C$4*C22/$C$5,2) -> 0.36 | E22: =CEILING(D22,1) -> 1 | F22: =IF(E22=0,0,ROUND($C$5*E22/C22,0)) -> 425 | G22: 客戶標籤規範務必核對(見⑤)
A23: 17 | B23: 裝內盒/外箱、封箱 | C23: =②工序與工時!D21 -> 1 | D23: =ROUND($C$4*C23/$C$5,2) -> 0.3 | E23: =CEILING(D23,1) -> 1 | F23: =IF(E23=0,0,ROUND($C$5*E23/C23,0)) -> 510 | G23: 外箱標示同樣需核對客戶規範
B24: 合計 | C24: =SUM(C7:C23) -> 43.2 | D24: =SUM(D7:D23) -> 13.14 | E24: =SUM(E7:E23) -> 22 | G24: ※「配置人力」為各站分別無條件進位的結果,合計必然大於理論人力。實務排線時,工時短的小站應合併由同一人兼做(例如翻面整形+剪線頭+整燙),實際用人以理論人力進位後再加 1–2 人機動支援為宜。
A26: 瓶頸分析
A27: 項目 | B27: 數值 | C27: 說明
A28: 瓶頸站日產能(全線最低) | B28: =MIN(F7:F23) -> 170 | C28: 整線實際日產能不會超過此值
A29: 需求日產量 | B29: =C4 -> 155 | C29: 來自①訂單參數
A30: 產能是否足夠 | B30: =IF(MIN(F7:F23)>=C4,"足夠","不足,需加人或加班") -> 足夠 | C30: 不足時的處理見下方
A31: 預估完成天數 | B31: =CEILING(①訂單參數!B17/MIN(F7:F23),1) -> 19 | C31: 投入量 ÷ 瓶頸日產能
A32: 對照可用工作天 | B32: =①訂單參數!B8 -> 20 | C32: 若完成天數 > 可用工作天,需調整
A33: 產能不足時的處理順序(建議由上而下評估)
A34: 順序 | B34: 做法 | C34: 注意
A35: 1 | B35: 瓶頸站增加人力或設備 | C35: 最有效;先看該站是否可再拆分工序
A36: 2 | B36: 瓶頸站工序拆分或簡化 | C36: 例如將一道長工序拆成兩人分做
A37: 3 | B37: 延長工時(加班) | C37: 連續加班會使效率與良率下降,超過兩週應改用其他方式
A38: 4 | B38: 分批出貨 | C38: 與客戶協商先出部分數量;需客戶同意
A39: 5 | B39: 外協(委外代工) | C39: 須先確認外協廠品質能力與樣品確認流程

Sheet ④物料與備料
A1: 物料清單(BOM)與備料計畫
A2: 需求量自動依訂單量計算;下單期限請自交期回推,長前置期物料是最常見的延誤主因
A4: 序 | B4: 物料類別 | C4: 規格/說明 | D4: 單位 | E4: 單件用量 | F4: 損耗率 | G4: 需求量 | H4: 前置期(天) | I4: 備註
A5: 1 | B5: 主面料 | C5: 1680D 尼龍 / 依樣品確認 | D5: 碼 | E5: 0.85 | F5: 0.08 | G5: =ROUND(①訂單參數!$B$17*E5*(1+F5),0) -> 2846 | H5: 25 | I5: 面料染色批次差異需確認;同批號生產
A6: 2 | B6: 裡布 | C6: 210D 里布 | D6: 碼 | E6: 0.6 | F6: 0.06 | G6: =ROUND(①訂單參數!$B$17*E6*(1+F6),0) -> 1972 | H6: 20
A7: 3 | B7: 泡棉 | C7: EVA 5mm / 依防護需求 | D7: 片 | E7: 1 | F7: 0.05 | G7: =ROUND(①訂單參數!$B$17*E7*(1+F7),0) -> 3255 | H7: 20 | I7: 厚度影響筆電防護測試
A8: 4 | B8: 襯料 | C8: 不織布襯 | D8: 碼 | E8: 0.35 | F8: 0.05 | G8: =ROUND(①訂單參數!$B$17*E8*(1+F8),0) -> 1139 | H8: 15
A9: 5 | B9: 主拉鍊 | C9: 5# 尼龍拉鍊 / 雙頭 | D9: 條 | E9: 1 | F9: 0.03 | G9: =ROUND(①訂單參數!$B$17*E9*(1+F9),0) -> 3193 | H9: 30 | I9: 長前置期,優先下單
A10: 6 | B10: 副拉鍊 | C10: 3# 尼龍拉鍊 | D10: 條 | E10: 2 | F10: 0.03 | G10: =ROUND(①訂單參數!$B$17*E10*(1+F10),0) -> 6386 | H10: 30 | I10: 長前置期,優先下單
A11: 7 | B11: 織帶 | C11: 38mm PP 織帶(肩帶) | D11: 碼 | E11: 1.6 | F11: 0.05 | G11: =ROUND(①訂單參數!$B$17*E11*(1+F11),0) -> 5208 | H11: 20
A12: 8 | B12: 五金 | C12: 日字扣 / 勾扣 / 調節扣 | D12: 組 | E12: 1 | F12: 0.03 | G12: =ROUND(①訂單參數!$B$17*E12*(1+F12),0) -> 3193 | H12: 30 | I12: 長前置期;需附鹽霧測試報告
A13: 9 | B13: 魔鬼氈 | C13: 25mm | D13: 碼 | E13: 0.3 | F13: 0.05 | G13: =ROUND(①訂單參數!$B$17*E13*(1+F13),0) -> 977 | H13: 15
A14: 10 | B14: 車縫線 | C14: 402 高強線 | D14: 碼 | E14: 45 | F14: 0.1 | G14: =ROUND(①訂單參數!$B$17*E14*(1+F14),0) -> 153450 | H14: 10 | I14: 顏色需與面料配色確認
A15: 11 | B15: 主標/洗標 | C15: 織嘜 + 洗標 | D15: 組 | E15: 1 | F15: 0.03 | G15: =ROUND(①訂單參數!$B$17*E15*(1+F15),0) -> 3193 | H15: 15 | I15: 內容須經客戶書面確認
A16: 12 | B16: 吊牌 | C16: 紙卡 + 掛繩 | D16: 組 | E16: 1 | F16: 0.03 | G16: =ROUND(①訂單參數!$B$17*E16*(1+F16),0) -> 3193 | H16: 12 | I16: 客戶規範項目
A17: 13 | B17: 產品標籤 | C17: 條碼/規格標籤 | D17: 張 | E17: 1 | F17: 0.05 | G17: =ROUND(①訂單參數!$B$17*E17*(1+F17),0) -> 3255 | H17: 12 | I17: ※ 客戶規範重點,務必書面確認後下單
A18: 14 | B18: PE 袋 | C18: OPP/PE 自黏袋 | D18: 只 | E18: 1 | F18: 0.03 | G18: =ROUND(①訂單參數!$B$17*E18*(1+F18),0) -> 3193 | H18: 10 | I18: 需確認是否要求警語印刷
A19: 15 | B19: 外箱 | C19: 五層瓦楞 / 依裝箱數 | D19: 只 | E19: 0.05 | F19: 0.03 | G19: =ROUND(①訂單參數!$B$17*E19*(1+F19),0) -> 160 | H19: 12 | I19: 外箱標示同屬客戶規範項目
A21: 備料原則
A22: 項目 | B22: 說明
A23: 下單期限回推 | B23: 各物料下單日 = 開工日 − 前置期 − 檢驗緩衝 3 天。前置期最長者(五金、拉鍊約 30 天)決定整批可開工日
A24: 損耗率設定 | B24: 面料 8%(排版損耗+瑕疵)、五金與包材 3%、車線 10%。首次生產建議上調 2%
A25: 同批號原則 | B25: 面料與拉鍊須同染色批號,不同批號會有色差,是驗收退貨常見原因
A26: 進料檢驗 | B26: 所有物料到廠須經 IQC(見⑤),未檢驗不得投產
A27: 客戶規範物料 | B27: 標籤、吊牌、外箱標示三項須有客戶書面確認文件後才可下單,並留存確認紀錄

Sheet ⑤品質檢驗計畫
A1: 品質檢驗計畫
A2: 四道檢驗關卡;客戶規範核對為獨立必檢項目,不可併入一般外觀檢查
A4: 階段 | B4: 檢驗點 | C4: 檢驗項目 | D4: 頻率/抽樣 | E4: 判定標準 | F4: 負責/紀錄
A5: IQC | B5: 物料進廠 | C5: 面料:色差(對標準色卡)、克重、幅寬、瑕疵 五金:尺寸、電鍍、拉力 拉鍊:順暢度、強度 標籤:內容、尺寸、材質 | D5: 每批;AQL 2.5 | E5: 色差 4 級以上 拉力符合規格 | F5: 品檢組 進料檢驗表
A6: IPQC | B6: 首件確認 | C6: 首件成品與確認樣品全項比對:尺寸、車工、配色、五金位置、標籤位置 | D6: 每批開工首件 每次換線 | E6: 與樣品一致 經主管簽核 | F6: 品檢+生管 首件確認表
A7: IPQC | B7: 製程巡檢 | C7: 車縫:針距、線張力、對稱、跳線 組裝:五金牢固、拉鍊順暢 尺寸抽量 | D7: 每 2 小時 每站抽 3 pcs | E7: 依作業標準書 | F7: 品檢組 巡檢記錄表
A8: FQC | B8: 終檢(全檢) | C8: 外觀:線頭、污漬、破損 功能:拉鍊順暢、五金牢固、隔層尺寸 尺寸:成品三圍 標籤:位置與內容 | D8: 全檢 | E8: 零缺點放行 不良品標示隔離 | F8: 品檢組 終檢記錄表
A9: FQC | B9: 客戶規範核對 | C9: ★ 產品標籤:內容、規格、位置、方向 ★ 吊牌:內容與掛法 ★ 包裝方式與裝箱數 ★ 外箱標示:嘜頭、條碼、數量 | D9: 全檢(標籤) 每箱(外箱) | E9: 與客戶書面規範 逐項比對一致 | F9: 品檢+生管 雙人簽名
A10: OQC | B10: 出貨檢驗 | C10: 依 AQL 抽樣複檢外觀與功能 裝箱數量與外箱標示 拍照存證 | D10: AQL 2.5 (一般檢驗水準 II) | E10: 允收後始得出貨 | F10: 品檢主管 出貨檢驗報告
A11: ★ 客戶規範核對為獨立關卡,必須雙人簽名
A12: 為什麼要獨立設關 | B12: 說明
A13: 歷史教訓 | B13: 先前 PQI 65W 出貨後因產品標籤不符客戶規範,遭客戶驗收退回,15,000 pcs 需全數重貼。根因是出貨檢查表未納入客戶規範核對這一項
A14: 做法 | B14: 每個客戶建立一份「客戶出貨規範表」(標籤規格與位置、包裝方式、外箱標示),放在產線與包裝區看得見的位置,不存在個人電腦裡
A15: 放行條件 | B15: 首批出貨強制兩人依規範表逐項核對並簽名;規範有變更時,須取得客戶書面確認後才更新規範表
A16: AQL 抽樣參考(一般檢驗水準 II,AQL 2.5)
A17: 批量(pcs) | B17: 抽樣數 | C17: 允收數 Ac | D17: 拒收數 Re
A18: 281 – 500 | B18: 50 | C18: 3 | D18: 4
A19: 501 – 1,200 | B19: 80 | C19: 5 | D19: 6
A20: 1,201 – 3,200 | B20: 125 | C20: 7 | D20: 8
A21: 3,201 – 10,000 | B21: 200 | C21: 10 | D21: 11
A22: 10,001 – 35,000 | B22: 315 | C22: 14 | D22: 15

Sheet ⑥生產排程
A1: 生產排程與里程碑
A2: 以開工日為 D0 回推與順推;實際日期請依①的交期填入
A4: 階段 | B4: 作業項目 | C4: 起(D±) | D4: 迄(D±) | E4: 負責 | F4: 重點
A5: 前置 | B5: 樣品確認(客戶簽樣) | C5: D-45 | D5: D-40 | E5: 業務/開發 | F5: 含標籤與包裝規範書面確認
A6: 前置 | B6: BOM 確認與詢價 | C6: D-40 | D6: D-35 | E6: 採購
A7: 前置 | B7: 長前置期物料下單(拉鍊/五金) | C7: D-35 | D7: D-33 | E7: 採購 | F7: ★ 決定可否準時開工的關鍵
A8: 前置 | B8: 面料下單 | C8: D-30 | D8: D-28 | E8: 採購 | F8: 確認同批染色
A9: 前置 | B9: 包材與標籤下單 | C9: D-18 | D9: D-16 | E9: 採購 | F9: 須有客戶書面確認後下單
A10: 備料 | B10: 物料陸續進廠 + IQC | C10: D-10 | D10: D-2 | E10: 倉儲/品檢 | F10: 未檢驗不得投產
A11: 備料 | B11: 產前會議(工廠+品管+生管) | C11: D-2 | D11: D-2 | E11: 生管 | F11: 確認工序、樣品、規範表
A12: 生產 | B12: 試產與首件確認 | C12: D0 | D12: D1 | E12: 生管/品檢 | F12: 以實測校正標準工時與排程
A13: 生產 | B13: 量產(依③人力配置) | C13: D1 | D13: D+n | E13: 生產 | F13: n 依③的預估完成天數
A14: 生產 | B14: 製程巡檢 | C14: 全期 | D14: 全期 | E14: 品檢 | F14: 每 2 小時
A15: 後段 | B15: 終檢與客戶規範核對 | C15: 全期 | D15: D+n | E15: 品檢 | F15: 雙人簽名
A16: 後段 | B16: 包裝與裝箱 | C16: D+2 | D16: D+n+1 | E16: 包裝 | F16: 邊生產邊包裝,不留到最後
A17: 出貨 | B17: OQC 出貨檢驗 | C17: D+n+1 | D17: D+n+2 | E17: 品檢主管 | F17: AQL 抽樣 + 拍照存證
A18: 出貨 | B18: 裝櫃/交運 | C18: D+n+2 | D18: D+n+3 | E18: 倉儲
A20: 排程原則
A21: 原則 | B21: 說明
A22: 交期回推,不是順推 | B22: 由客戶交期往前推,長前置期物料(拉鍊、五金約 30 天)決定最早可開工日。多數延誤來自物料,不是產線
A23: 試產期必須留 | B23: 首批新產品留 1–2 天試產,以實測工時校正排程;跳過試產的排程幾乎都會失準
A24: 包裝不要集中在最後 | B24: 邊生產邊包裝,避免最後兩天全廠塞在包裝站
A25: 緩衝 20% | B25: 排程總工期預留 20% 緩衝;若已無緩衝空間,及早與客戶協商分批出貨
A26: 瓶頸站優先排人 | B26: 人力先滿足瓶頸站,其餘站別再依序配置

Sheet ⑦風險管控
A1: 風險項目與因應
A2: 依發生機率與影響排序;每項均指定負責人與預防措施
A4: 序 | B4: 風險項目 | C4: 機率 | D4: 影響 | E4: 預防措施 | F4: 發生時的因應
A5: 1 | B5: 客戶規範核對疏漏(標籤/包裝/外箱) | C5: 中 | D5: 極高 | E5: 建立客戶出貨規範表;首批出貨雙人核對簽名;規範變更須書面 | F5: 立即停止出貨;評估重工工時;主動通知客戶並提出補救時程
A6: 2 | B6: 長前置期物料延誤(拉鍊/五金) | C6: 高 | D6: 高 | E6: 提前 30–35 天下單;每週追交期;關鍵料備第二供應商 | F6: 改排其他工序先做;與客戶協商分批;必要時空運補料
A7: 3 | B7: 面料色差(不同染缸批號) | C7: 中 | D7: 高 | E7: 同批號原則;進料比對標準色卡;裁剪時同批集中 | F7: 色差批分開出貨並先取得客戶同意;不可混裝
A8: 4 | B8: 標準工時失準導致排程崩壞 | C8: 高 | D8: 中 | E8: 首批必做試產計時;以實測值回頭修正①②③參數 | F8: 重排人力並即時通知業務調整交期承諾
A9: 5 | B9: 車縫品質不良(跳線/針距/歪斜) | C9: 中 | D9: 中 | E9: 首件確認;每 2 小時巡檢;作業標準書上線 | F9: 該時段產品全檢;找出原因(機台/人員/物料)後才復工
A10: 6 | B10: 產能不足 | C10: 中 | D10: 高 | E10: ③分頁瓶頸分析;預留 20% 緩衝 | F10: 依③的五級處理順序評估:加人→拆工序→加班→分批→外協
A11: 7 | B11: 混料(已完成與未完成品混雜) | C11: 中 | D11: 高 | E11: 作業區三區實體分隔:待處理/作業中/已完成;完成批立即標示 | F11: 全數重新清點與檢查;寧可重檢也不要出錯貨
A12: 8 | B12: 包裝集中在最後導致延誤 | C12: 中 | D12: 中 | E12: 邊生產邊包裝;包裝人力提前排入 | F12: 調度他組支援包裝;優先包裝先出貨的批次
